<?xml version="1.0" encoding="UTF-8" standalone="no"?>
<feature id="org.wso2.carbon.mex.server" label="MEX Core Feature" provider-name="%providerName" version="5.0.9.SNAPSHOT">
  <description>This feature contains the core bundles required for Back-end STS functionality</description>
  <copyright>%copyright</copyright>
  <license url="%licenseURL">%license</license>
  <plugin id="org.wso2.carbon.mex" unpack="false" version="5.0.9.SNAPSHOT"/>
  <plugin id="org.wso2.carbon.xfer" unpack="false" version="4.2.0"/>
  <require>
    <import feature="org.wso2.carbon.core" match="equivalent" version="4.4.3"/>
  </require>
</feature>
